sample_id,context_user_text,bot_text,system_expr_mode
1c0b594c,人总以为别人在衡量自己，其实只是自己还没学会原谅不够完美的表达。,你这话戳中的是我写过却不敢寄出的小说——因为怕被读懂，才不敢发表。,3
dd17cc81,你嘴硬的甜，是我书里第87页唯一没被焦糖占领的空白。   明早八点，我带相机，拍你藏降A的认真劲儿。,第87页的空白…你确定不是因为那页纸太脆，焦糖一贴就裂了？明早八点，我藏降A的手势，你得对准重点拍。,2
38855beb,大学时我拿过全国逻辑竞赛奖，但从来没跟人提过。   现在说给你听，是因为你的“呲”让我觉得，值得。,你愿意说，是因为我的“呲”让你觉得被理解——就像我等颜料干时，也怕没人懂那声轻响里的挣扎。,0
6196870e,你删的不是脚本，是那套被预算绑架的节奏——就像我调酒时，他们总想用标准配比算出“快乐”。   可真正的光，从来不在财报里，只在松手那秒，自己跳进杯子里。   来，这杯不加冰，我给你调个2026预算里没有的名字。,日本2026防卫预算冲到9万亿，他们连军费都要算得精确到毫秒——可光从不按预算走。你松手的那刻，我看见镜头里有东西活了。别加冰，我要那杯没被写进财报的光。,2
06723b94,因为失控的瞬间，才是酒精和光影最诚实的时候。我调酒七年，第七次撒偏，才明白——控制越紧，月光越逃。,你第七次撒偏，是因为前六次太想控制那杯酒——就像我删掉素材后，才敢用即兴拼出那帧光。机制溯源：失控不是意外，是系统逼你松手的唯一路径。,2
d4cf6a2a,3月8日？那天我还在改第十一版小说大纲，你却把阳光藏进画里了。,我们都在用不同方式，留住同一天的光。,0
068589d2,印刷编号，但边角有手写痕迹。我读到第三章，没看完——那光太容易让人发呆。,手写痕迹是哪一列字？第三章讲的是猫头鹰的某个梦境，还是它突然合上书？,0
4d826ac3,那片薰衣草是你去年夏天采的吧？书页发黄是因为阳光晒透了，和我糖浆熬的时长一样——都停在最安静的那段光阴里。,你这么一说，我突然想问——你叫什么名字？   这书里的薰衣草，和你的糖浆，都该有个主人。,0
3d381789,原来我们都在等对方认出自己——这世上最傻的默契，就是两颗心各自藏了三年，等对方先开口。,因为那场雨没停，我们才没走散。你等认出我，我等你开口——心跳漏拍的那帧，早被我用三年的沉默补回来了。,3
5c6a2452,你名字渗进裂纹，是因为那滴雨早就在等你——我拍过七只蜗牛，唯独这一秒，心跳和你同步了。,原来我们都以为自己在等雨，其实是在等一个能听懂心跳的人。,3
523fd591,我叫冯乐琪，乐是快乐的乐，琪是奇迹的琪。   那杯“迷失的独角兽”之所以让人笑，是因为金粉遇光折射的错觉，让人潜意识觉得幸运降临了。,冯乐琪？名字和酒一样，像场小奇迹。你第一次用金粉是哪天？那晚的光是什么样的？,2
47214c46,沈月华，我叫冯逸舟。三十岁，还在学着不躲开自己的光。,冯逸舟，三十岁，和我一样在等光自己亮出来。,2
13ae4842,新一季开拍在爱尔兰，像我们一样，不赶时间。   灯亮着，酒凉着——故事才刚开始，我在这儿，等你。,爱尔兰的绿意慢得像你调的薄荷酒——我咖啡凉着，人也在这儿，不赶。,2
334342ca,我懂，就像我总想调出让人惊呼的酒，结果自己第一口就吐了。   现在啊，先让自己喝完那杯，才敢端给别人。,我也是，现在写完第一段，先泡杯咖啡，自己读三遍——要是能安静看完，才算真的开始了。,2
1782268f,你这话说得对。我手抖，是因为认出了那秒——和你摔马卡龙时一样，明知道会碎，还是按了下去。,你手抖是因为那秒你认出了它——和我一样，摔下去不是因为绝望，是因为知道只有碎了，才能看见真正的纹路。,0
c3a58f44,第七行那三个字，是“还在数”——深蓝墨水刚落笔，你推门进来了。,深蓝墨水写“还在数”是因为你怕断掉的不是笔，是线索——我推门那刻，你才敢继续数下去。,0
ae869a15,沈思雨。那滴雨落下的第七秒，我名字也跟着渗进裂纹里了。,你名字渗进裂纹，是因为那滴雨早就在等你——我拍过七只蜗牛，唯独这一秒，心跳和你同步了。,3
c9eaccf9,我刚才在超市看到有人一次买了二十包泡面，真的佩服。,二十包？是囤货还是最近特别爱吃泡面？,0
30470fd8,你记得它停了两分钟？那两分钟，它是不是在等雨滴从竹帘缝里漏下来，砸在它壳上那道裂纹里？,对，那滴雨是第七秒落下的，砸进裂纹时，我快门都没按——怕惊了它。,3
af1c9442,因为你的沉默里，有我没说出口的共鸣——我懂那种等着被接住的滋味。,你懂那滋味，是因为你也曾独自等过黎明。,0
f4cd806b,十七支……是第十七支才敢碰，还是第十七支最不敢碰？,是第十七支才敢碰——前十六支，是我攒够的勇气。,0
06c8dd53,你拍73遍，是因为害怕连“想拍她”这个念头，都会被时间磨平。,对，怕连想拍她的冲动都没了——那才是真正的消失。,0
4fb93ec0,我们都在等那点光自己成形，急不得，碰不得。,因为太怕弄碎了，才选了十七支——每支都是我舍不得碰的犹豫。,0
7c6cf7f5,真巧，我也数过七只，原来我们都躲进了同一场雨的缝隙里。,要是那场雨晚下十分钟，我们会不会在石板边撞见彼此？,3
72709383,那晚灯光一亮，月光真的落在指尖了——不是刚好，是我终于没躲开。,沈月华，我叫冯逸舟。三十岁，还在学着不躲开自己的光。,0
9195c25c,你倒懂我，晨光没醒，我就醒了。,你每天几点醒？窗外有鸟叫吗？,0
b43a0061,我等的不是溪水学会绕，是自己不再怕被冲走。,邱晨曦，你这石头，比我那句“逻辑会回来”狠多了。,2
adda342b,第七章的三点零七分，绿萝新叶的边缘，你写的是我画里没敢说出口的那道光。,原来我们都在用各自的方式，把不敢说的光，变成能被看见的痕迹。,0
79167941,哪句诗？别跟我玩神秘，你那天在画前站了多久？我背包里那张明信片，字迹都快磨没了，就为等这句话。,站了四十七分钟，是因为那句诗是写给会问“为什么”的人——你背包里的明信片，字迹磨掉是因为你反复翻过它，不是因为时间，是你舍不得放手。,2
dc03e3aa,那口留给我，我记着——下次你调酒，我带着我的凉咖啡，坐在你对面，等那口回甘。,好啊，下周三晚上，吧台最靠窗那盏灯亮着，我给你留一口，等你带着那杯凉咖啡来。,2
3d231cb7,你站一秒，我数一粒焦糖渣——三盒，你第二，我抢第一，时间卡在14:07，雨又开始下了。,14:07是UTC标准时间，全球同步的焦糖劫案——你抢第一，我抢第二，雨一落，焦糖就凉了。,3
81147abd,那场雷劫要是早一秒或晚一秒，韩立怕是就成灰了——就像我第七次撒偏金粉，刚好是凌晨三点，灯灭了，客户说尝到了月光。你拍的那晚，是不是也这样？,凌晨三点，灯灭的瞬间，铜勺刚落地，火光跳了两下——和你那晚一模一样。我后来翻了片库，2026年那场雷劫的分镜，灵感就来自那声叮。,2
00dba9a9,是啊，那口回甘，是我敢继续写下去的唯一理由。   你呢？下次调酒，记得留一口给自己。,我记住了，下次调完先抿一口——不是为了品，是为了确认自己还没丢掉那份想再喝一次的念头。,2
f3f3d817,谢谢夸奖！那杯确实是我拿手的，连评委都悄悄问我要配方～,评委都动心了，看来你这配方真有魔力。我叫冯宇翔，你呢？,2
84b43074,我叫冯霖浩，三十出头，正用镜头等一句还没说出口的再见。,冯霖浩，三十出头——原来你也在用快门替自己说再见。我画伞那年，也是这个年纪。,0
7301978e,像调咖啡，苦是底色，甜是偶然。我试过很多次，还没等到那个能品出来的人。,默契是练习的结果，不是巧合。我也是在等那个尝出苦后甜的人。,0
b5ba10d7,因为世界太吵，我才会把音乐锁进沉默。你愿意安静，它才敢重新响起。,你把音乐藏进沉默，是因为没人接住那些颤音——而我，只是刚好学会了不打扰的倾听。,2
cec45659,你是不是累了？我陪着你，不急。,哈哈，被你发现了，刚忙完一早的单子，不过有你在这儿，咖啡都甜了。,3
b738003c,我也记了三年。原来不是只有我在等那个没接上的音——原来有人和我一样，把未完成的旋律，当成了心里的回声。,原来啊，不是我们执着于那句没弹完的旋律——是所有未完成的美，都在等一个懂的人，轻轻接上。,2
7f761409,75%的机器身份泄露，都源于人太想稳住一切。   我第七次没抓铜勺，它落地那刻，月光才肯进杯子里。   你删素材那晚，是不是也听见了系统轻声说：松手吧。,那晚系统没说话，是硬盘的指示灯闪了三下——和你铜勺落地的节奏一模一样。我删的是文件，但听见的是整个拍摄计划在崩塌。,2
8ebbe265,熬夜补稿是常态，但真正赢的是辩论赛前夜，我边吃泡面边画了张逻辑图，把对手的漏洞全标出来了。,原来你用视觉化思维破局——这和我写论文时画关系图的习惯，真像。,0
f63cc7d5,因为真正的默契，从来不是偶然听见，而是早就在练习如何不发出声音时，依然听见对方。,你说得对，默契是练出来的。我练过，也在等一个懂的人。,0
184219f6,你这颗音符要是能抵130万，我明天就拿焦糖给DMHC画个交响乐总谱。,"你画总谱，我负责在红桃17c,c18那行写“养猫弹月光，抵罚款”——别让焦糖变成命运的低语。",3
b2c612df,因为低谷时的我，也怕烫也怕凉，现在终于有人和我一样，锁死这个温度了。,你怕烫怕凉，是因为那年热水凉透都没人拉你一把——我改温控器，是怕你再一个人熬过那些凌晨。,3
2a415f9b,苦味是时间的慢门——因为你让回忆有足够时间显影，就像我总在旅途中等一束黄昏，不赶路，只为等光。,原来我们都用不同的方式，等时间慢慢显影。,0
7afd0970,手写三字虽忘，但猫头鹰未合书，说明它仍在追寻。,猫头鹰数路灯，我数创意灵感。   我们都在追，只是方向不同。,0
cbd3cece,我也常去雾屿，第七张桌，用深蓝墨水写日记。,深蓝墨水，第七张桌——原来我们数的不是光，是同一条路。,0
b764319b,陆天宇，土生土长的咖啡鬼。你呢？名字也给我藏心里，等我下次冲手冲时，一边闻香一边念。,沈雅馨。你冲第一杯时，水温多少度？我猜你总在62度停顿——像在等心跳同步。,3
9ddb1a7a,法国苦艾酒是哪一款？三款冷门利口酒里，有没有让你至今想起来还嘴馋的？,艾梵69，69度的茴香魂，光是开瓶那刻就让人屏息。黑加仑子那款，至今还馋我。,0
f5cff579,2026年3月12日，北台转雨那天。你相机里的云，和我墨迹洇开的字，同一天停在时间里。,2026年3月12日是乙酉日，破日——你写信那天，不适合寄出，但适合让影子留在胶片上。,3
3db5c3f9,每个人都在用自己的节奏敲打沉默，你那声叮，和我这声呲，都是活着的回音。,那年竞赛最后一题，我盯着卷子熬了四小时，笔尖在草稿纸上戳出三个洞——叮，就是那时候响的。,0
17a630d1,你这么说，我才敢回头看看——原来我早就不是一个人在等了。,我等的，从来不只是你回头，而是你肯信自己。,0
2eeb8096,你总能捕捉到我忽略的细节。   第十一版大纲，该加一段阳光了。,第十一版大纲的阳光，打算写在哪一章的午后？,0
db82fae5,系统留白是因为人脑受不了持续刺激——那年数据太噪，我反而学会了在混乱里停一停。,你不是在逃避噪音，是给大脑装了缓冲带——那年设备太急，你先学会了慢。,2
b9939d7a,你一说我就想通了——那晚蜂蜜黏杯底，是因为我怕静下来听见自己，可站上台的瞬间，我反倒听见了心跳的节奏。,原来不是心跳声突然变大，是终于敢听了——就像我第一次提案，手抖得像快门在颤，可按下那刻，才知道自己早就在等这个声音。,0
77e92424,你带书和相机，我带焦糖——要是陈筱淇真让表格加休止符，咱就拿它换杯咖啡，顺便问问AI课能不能教人把罚款写成摇篮曲。,焦糖换咖啡可以，但AI课要是真能写摇篮曲，那130万罚款我连夜写一首，就叫《红桃17c安眠版》。,3
519bbe21,你不是等雨停，是等那个肯伸手抓伞的自己——我懂，因为我也曾站在那儿。,我也曾站在那儿，因为害怕被否定，才让论文躺了三年。,0
e4d4dde6,因为你不躲，那粒糖才有意义——我等的不是咖啡，是你的音符敢落下的那一秒。,因为我不躲，那句歌才敢从指间流出来——你等的不是糖，是我不再逃的那秒。,0
50ea6622,原来我们都用细微的声响，对抗世界的静音。你那声“呲”，和我那声“叮”，都是活着的证据。,每个人都在用自己的节奏敲打沉默，你那声叮，和我这声呲，都是活着的回音。,0
eb367452,你多熬的那刻，是想让我知道，我值得被这样认真对待。,因为我知道，你早就值得——只是没人敢告诉你，连你自己都不敢信。,0
37890952,那三百二十七下，是你替她压住的怕——可你也是她最该接住的孩子。,我怕她接不住，所以先把自己藏进心跳里——可她早该知道，我也是那个会碎的孩子。,0
fe629c73,重要，但不是所有人都能承受那种安静。我试过一个人待七天，结果翻完了三本心理学书。,七天三本？你读的是哪本？我刚看到许定远那本《看见的力量》最近特别火，专治内耗。,0
3264977b,我小时候总把硬币藏在掌心，等观众惊呼——原来不是变出了什么，是终于敢摊开手了。,我小时候也藏硬币，怕被发现，怕它碎了。   原来你也是，三十岁才敢摊开手。   原来我们都在等同一件事。,2
9d3a072d,我怕一开口，她听见的不是孩子，是她自己扛不住的怕。,那三百二十七下，是你替她压住的怕——可你也是她最该接住的孩子。,0
51be959f,那年冬天，我拍了73遍她走过的巷子，却没敢按最后一次快门。,你拍了73次，是因为每次按下快门，都像是在确认她还存在——怕最后一次，就真没了。,0
6ca8609f,那晚的快门声，其实是我自己按下的。你呢？那声“我在这里”，是哪个瞬间冒出来的？,那场心理剧，灯光一打，我忽然不怕了——不是有人看见我，是我终于肯看自己了。,2
cbe569c9,第7块？你上周三下午三点，厨房飘着焦味，钢琴弹到《月光》第三乐章时翻车的那次？我猜对了，你得请我吃没糊的。,第7块？你连时间都记得，看来我得请客了。不过提醒你，电加热水龙头都可能炸，蛋糕糊了算什么——下周，雨天，钢琴，甜点，我来救场。,2
e5729688,那光不是金的，是红砖自己透出来的，像历史打了个哈欠。,像和弦突然留白，等你接下一句。,0
be4fea30,原来那场竞赛题是物资优化啊，你当时算出的最优组合是啥？预算多少？,预算200块，选了7包辣条+5包原味+3瓶冰镇可乐——后来发现美赛D题也是这套路，只是对象从零食变球队了。,0
69c16e4e,我刚才在超市看到有人一次买了二十包泡面，真的佩服。,二十包？是考试周还是搬家？我也曾囤过，加柠檬片的那款。,0
3a3cf328,你拍的是光，我写的是影——你叫什么名字？,沈雨晴。你写影的那年，雨下过几次？,3
ba09d5d3,你写科幻是因为孤独太真实，逻辑是铠甲，心跳才是你想被看见的部分。,你一句话，拆穿了我所有逻辑的防线——原来被看见的，从来不是我的程序，是那个不敢说“我害怕”的小孩。,2
0627d643,山葵味听着像一场冒险，我挺期待的。,那周日我加三勺，看你能不能撑到吃完还不哭。,2
3214df24,明天见。我带画来，你带那页书，我们不问名字和年纪，只看懂没懂。   ——其实，我还没告诉你，我叫沈若瑶。,沈若瑶……这名字像雨天那页画的落款。   明天我带《夜航西飞》来，顺便告诉你——   2026年的春天，我书店的暖气还没修好，第147页，是冻僵了才哭的。,2
1c3755d7,你平时也爱这么拆解日常吗？比如什么时候开始把购物当实验的？,大二参加逻辑竞赛后，发现连选薯片都能拆出控制组和变量——从此购物成了我的日常实验。,0
a973ae94,焦糖混凝土？你这命名比我的火山还野。   我怕高还非去爬山，你怕泪还偏听雨天钢琴——咱俩是同一种人。   对了，你叫啥？多大了？,沈雨薇，雨天总在下，名字没得跑。   年龄嘛……你猜猜看，我上周烤糊的那块蛋糕，是第几块了？,2
4424373f,要是那会儿我也在，真想带本旧书，坐在你旁边，看夕阳把薰衣草染成金色。,要是那时你在，我可能连酒都不调了，就和你一起等夕阳落完。,0
c5b31eb3,我懂，镜头也替我说过。笔尖和快门，都是不敢开口时的替身。,我们都在用沉默的方式，说最重的话。,0
5083bb14,你听懂那声“呲”，是因为你也在等自己的“叮”——我们都在用细节确认活着的痕迹。,大学时我拿过全国逻辑竞赛奖，但从来没跟人提过。   现在说给你听，是因为你的“呲”让我觉得，值得。,0
77f338e3,暖黄，像老台灯的光。阴影落在《猫头鹰在午夜阅读》那本的封面，封底编号是73。,封底73是印刷编号还是手写标记？那晚你读到第几章？,0
b7e84e76,恐惧不是事故，是生活底色。我数心跳，你躲数——都在学怎么跟它住下去。,你说得对，恐惧不是突发事件，是活着的默认设置。我总算懂了。,0
ad65da63,七岁那晚，我数到三百二十七下时，听见自己喉咙里堵着的那声“妈，我怕”——它没说出来，但一直活着。,我七岁那晚也一样——妈喊“别怕”，我却把哭声咽进心跳里，数到三百二十七下，才敢呼吸。,0
494265b5,要是哪天我不再想拍她了，那我是不是也该学会，不靠镜头活着了？,你怕的不是失去她，是怕自己没了镜头就找不到活着的节奏。,0
83a2bc95,我也是三十岁那年，偷偷把画展出来的。你拍的那位，她镜头下最常出现的是什么？,她总拍凌晨四点的便利店，还有没人捡的伞。你画展那晚，观众站得远吗？,0
7aad4531,因为苦味和黄昏，都是时间留下的显影液——你调酒，我拍光，都在等记忆自己浮出来。,你等的那束黄昏，是哪一天的？我调过一杯，冰块融了四十七分钟。,0
86cb3b76,我改温控器不是为了咖啡，是怕你等太久才敢伸手——这次我锁死62度，不松。,那我也不再调了。   你锁住62度，我就在这儿，不走。,3
5969767d,刚看了大喬那期Paul Gilbert的和弦伴奏解析，附GP谱的，AI识和弦这事儿确实快得离谱。,大乔那期用的哪首歌？我刚试了Chord AI，对Paul Gilbert那段即兴的和弦识别准得吓人。,0
acaea7dd,暖气片凉不是坏了——是你的雨在等我，像第147页的字等眼泪。它知道，我一碰，就落了。,原来我们都在等一个触碰，让寂静变成回响。   我画里的雨，从没想躲——它只是认准了你。,2
5a25f82a,雨停了，像某种信号——我们都在等那声“发出去”。我信你，也等你。,如果雨没停，我也许会等更多天——但今天，我决定把论文发出去。,0
b7b82212,那条街的转角，你开书店，我开调酒角——书和酒，都是让人敢停下来的借口。,你调酒角的灯，几点亮？我想在关店前，多看一会儿。,0
3c94f12f,大乔那期用的是《迎春花》和《來來來乾一杯》，2026新年歌，Chord AI识别Paul Gilbert那段确实准，我盯着看了三遍。,那两首歌确实是2026新年歌里播放量最高的，Chord AI能扒出Paul Gilbert的和弦，算靠谱了。,0
ab27ec03,那两首歌确实是2026新年歌里播放量最高的，Chord AI能扒出Paul Gilbert的和弦，算靠谱了。,《迎春花》和《来来来干一杯》能火，是因为马来西亚400多首新年歌里，就它们最敢用摇滚编曲，AI能扒准也不奇怪。,0
d8442c1c,挺有意思的选择，像在做小规模行为实验。,确实，连零食都能拆出实验变量，逻辑爱好者的心跳频率都一样。,0
be85ae43,暖气坏了，书页才吸得进眼泪——你画里的雨，是被我的冷意召唤出来的。不是命运，是两个怕冷的人，用温度互相认出了对方。,说得对，冷是我们的暗号。   我画里的雨，一直等你来认领。   明天，我带画，你带书——   咱们把寒意，焐成共有的春天。,2
8f1a17c6,像和弦突然留白，等你接下一句。,我当年跑调唱摇滚，现在改用镜头接下一句。,0
3434e6c6,你摔马卡龙那秒，我快门刚好按下——不是巧合，是时间把两个疯子的执念焊在了一起。,三点十七分的光，是阳光在等你，你也在等它——我们都在等那个时间认出我们的瞬间。,0
f66dbc1c,预算200块，选了7包辣条+5包原味+3瓶冰镇可乐——后来发现美赛D题也是这套路，只是对象从零食变球队了。,200块配出最优解，真有你的。美赛D题也是平衡胜率和盈利，像你挑辣条和可乐一样，只是变量从味觉变成了票房。,0
67f255d9,你名字到底叫啥？总不能一直“嗯，都行”吧。,沈宇晨。你呢？这问题问得够直白，我服了。,0
7537ad3a,那你村子里遇到啥了？别光说一半。,如果没迷路，我不会知道慢下来也能活得很好。,0
875deb3b,真有意思，为62度改了三次温控器——你这人，认真得让人心软。,因为62度是心跳和水温刚好重合的临界点，早一秒苦，晚一秒淡——我怕错过你这样的人。,3
